
INSERT INTO Sailors
  (name, age, experience)
VALUES
  ('john', 32, 5), 
  ('jane', 22, 3), 
  ('janie', 45, 17);


INSERT INTO AvailableRooms
    (roomType, roomNumber, roomPrice)
  VALUES
('Standard',101,200), 
('Standard',102,200), 
('Standard',103,200), 
('Standard',104,200), 
('Standard',105,200), 
('Standard',106,200), 
('Standard',107,200), 
('Standard',108,200), 
('Standard',109,200), 
('Standard',110,200), 
('Standard',111,200), 
('Standard',112,200), 
('Standard',113,200), 
('Standard',114,200), 
('Standard',115,200), 
('Standard',116,200), 
('Standard',117,200), 
('Standard',118,200), 
('Standard',119,200), 
('Standard',120,200), 
('Standard',121,200), 
('Standard',122,200), 
('Standard',123,200), 
('Standard',124,200), 
('Standard',125,200), 
('Standard',126,200), 
('Standard',127,200), 
('Standard',128,200), 
('Standard',129,200), 
('Standard',130,200), 
('Suite',201,275), 
('Suite',202,275), 
('Suite',203,275), 
('Suite',204,275), 
('Suite',205,275), 
('Suite',206,275), 
('Suite',207,275), 
('Suite',208,275), 
('Suite',209,275), 
('Suite',210,275), 
('Suite',211,275), 
('Suite',212,275), 
('Suite',213,275), 
('Suite',214,275), 
('Suite',215,275), 
('Suite',216,275), 
('Suite',217,275), 
('Suite',218,275), 
('Suite',219,275), 
('Suite',220,275), 
('Suite',221,275), 
('Suite',222,275), 
('Suite',223,275), 
('Suite',224,275), 
('Suite',225,275), 
('Suite',226,275), 
('Suite',227,275), 
('Suite',228,275), 
('Suite',229,275), 
('Suite',230,275), 
('Deluxe',301,400), 
('Deluxe',302,400), 
('Deluxe',303,400), 
('Deluxe',304,400), 
('Deluxe',305,400), 
('Deluxe',306,400), 
('Deluxe',307,400), 
('Deluxe',308,400), 
('Deluxe',309,400), 
('Deluxe',310,400), 
('Deluxe',311,400), 
('Deluxe',312,400), 
('Deluxe',313,400), 
('Deluxe',314,400), 
('Deluxe',315,400), 
('Deluxe',316,400), 
('Deluxe',317,400), 
('Deluxe',318,400), 
('Deluxe',319,400), 
('Deluxe',320,400), 
('Deluxe',321,400), 
('Deluxe',322,400), 
('Deluxe',323,400), 
('Deluxe',324,400), 
('Deluxe',325,400), 
('Deluxe',326,400), 
('Deluxe',327,400), 
('Deluxe',328,400), 
('Deluxe',329,400), 
('Deluxe',330,400), 
('Deluxe',331,400), 
('Deluxe',332,400), 
('Deluxe',333,400), 
('Deluxe',334,400), 
('Deluxe',335,400), 
('Deluxe',336,400), 
('Deluxe',337,400), 
('Deluxe',338,400), 
('Deluxe',339,400), 
('Deluxe',340,400);
  
-- INSERT INTO Employees
--   (eid, name, phone_num, birthdate, email, pos, salary, clock_in, clock_out)
-- VALUES
--   ('Water Bug', 'blue'), 
--   ('Sundance', 'green'), 
--   ('Moonrise', 'red');
INSERT INTO Employees
  (eid, name, phone_num, address, email, pos, salary, clock_in, clock_out)
VALUES
  (1004230,'Kimberly Owen','(459) 287-3719',"88 Wm Holmes Borders Dr SE, Atlanta, GA, 30312",'kowen@ffqp.com','Front Desk',60000.00, '04/06/2020 8:56:07 AM','04/06/2020 7:49:29 PM'),
(1090520,'Nadine Lucas','(889) 276-2355',"460 Auburn Ave NE, Atlanta, GA, 30312",'nlucas@ffqp.com','Management',90000.00,'04/06/2020 12:03:01 PM','04/11/2020 10:50:32 PM'),
(1010020,'Jimmy Terry','(695) 634-2108',"173 Woodward Ave SE, Atlanta, GA, 30312",'jterry@ffqp.com','Management',90000.00,'04/06/2020 12:44:04 PM','04/06/2020 7:07:38 PM'),
(1006710,'Shari Brock','(931) 684-6321',"225 Burbank Dr NW, Atlanta, GA, 30314",'sbrock@ffqp.com','Housekeeping',50000.00,'04/06/2020 8:24:15 AM','04/06/2020 6:39:42 PM'),
(1058020,'Wallace Davis','(709) 834-6788',"2837 Gresham Rd SE, Atlanta, GA, 30316",'wdavis@ffqp.com','Management',90000.00,'04/06/2020 11:48:13 AM','04/06/2020 8:37:10 PM'),
(1032910,'Jeremiah Mckenzie','(597) 367-7720',"330 Kendrick Ave SE, Atlanta, GA, 30315",'jmckenzie@ffqp.com','Valet',35000.00,'04/06/2020 7:53:05 AM','04/06/2020 8:07:48 PM'),
(1013610,'Angela Mendez','(674) 676-3342',"2918 Edgewater Dr SW, Atlanta, GA, 30317",'amendez@ffqp.com','Housekeeping',50000.00,'04/06/2020 11:43:55 AM','04/06/2020 9:08:42 PM'),
(1079440,'Catherine Sims','(496) 939-4187',"62 Harwell Rd NW #5, Atlanta, GA, 30311",'csims@ffqp.com','Housekeeping',50000.00,'04/06/2020 8:43:06 AM','04/06/2020 7:38:23 PM'),
(1084960,'Alfredo Jennings','(485) 634-3069',"450 Kennedy St NW, Atlanta, GA, 30318",'ajennings@ffqp.com','Chef',80000.00,'04/06/2020 7:58:16 AM','04/06/2020 9:57:20 PM'),
(1021840,'Helen Quinn','(992) 289-3896',"934 Apache Trl SE, Atlanta, GA, 30316",'hquinn@ffqp.com','Front Desk',60000.00,'04/06/2020 9:35:58 AM','04/06/2020 1:01:36 AM'),
(1045630,'Violet Berry','(688) 777-4930',"2000 Ruth St NW, Atlanta, GA, 30318",'vberry@ffqp.com','Housekeeping',50000.00,'04/06/2020 8:11:05 AM','04/06/2020 2:09:44 AM'),
(1053760,'Stephen Rowe','(803) 428-8095',"65 Plaza Ln SW #62, Atlanta, GA, 30310",'srowe@ffqp.com','Housekeeping',50000.00,'04/06/2020 7:58:22 AM','04/06/2020 11:09:55 PM'),
(1086380,'Jonathan Flowers','(481) 671-3859',"3148 Kingsdale Dr SW, Atlanta, GA, 30311",'jflowers@ffqp.com','Housekeeping',50000.00,'04/06/2020 8:42:46 AM','04/06/2020 9:12:01 PM'),
(104850,'Clifford Johnston','(215) 655-4819',"69 Chivers St NW #328, Atlanta, GA, 30318",'cjohnston@ffqp.com','Housekeeping',50000.00,'04/06/2020 8:54:03 AM','04/06/2020 8:22:37 PM'),
(1032340,'Laurence Chambers','(410) 336-3964',"1919 Mary Lou Ln SE, Atlanta, GA, 30316",'lchambers@ffqp.com','Valet',35000.00,'04/06/2020 9:48:19 AM','04/06/2020 1:40:47 AM'),
(1032530,'Kay Floyd','(731) 349-9488',"40 Amal Dr SW, Atlanta, GA, 30315",'kfloyd@ffqp.com','Front Desk',60000.00,'04/06/2020 7:53:49 AM','04/06/2020 9:15:04 PM'),
(1004810,'Gene Harper','(961) 246-2539',"594 10th St NW, Atlanta, GA, 30319",'gharper@ffqp.com','Valet', 35000.00,'04/06/2020 10:55:43 AM','04/06/2020 11:27:25 PM'),
(1016280,'Emma Larson','(764) 360-3164',"14 Meldon Ave SE, Atlanta, GA, 30315",'elarson@ffqp.com','Spa Associate',65000.00,'04/06/2020 10:53:37 AM','04/06/2020 1:45:51 AM'),
(1063210,'Angelina Lamb','(740) 976-6712',"1838 Honeysuckle Ln SW, Atlanta, GA, 30311",'alamb@ffqp.com','Housekeeping',50000.00,'04/06/2020 8:47:14 AM','04/06/2020 12:38:21 AM'),
(1054390,'Roberto Hodges','(624) 552-8879',"040 Huff Rd NW, Atlanta, GA, 30318",'rhodges@ffqp.com','Valet',35000.00,'04/06/2020 10:22:02 AM','04/06/2020 7:52:30 PM'),
(1087540,'Ed Allison','(703) 744-2530',"1685 Willis Mill Rd SW, Atlanta, GA, 30312",'eallison@ffqp.com','Front Desk',60000.00,'04/06/2020 1:20:06 PM','04/06/2020 8:13:53 PM'),
(1026360,'Courtney Wright','(910) 284-5284',"2645 Whiting St NW, Atlanta, GA, 30314",'cwright@ffqp.com','Front Desk',60000.00,'04/06/2020 2:21:15 PM','04/06/2020 3:17:11 AM'),
(1026250,'Brittany Palmer','(906) 646-9234',"105 Claude St NW, Atlanta, GA, 30310",'bpalmer@ffqp.com','Front Desk',60000.00,'04/06/2020 1:22:43 PM','04/06/2020 11:44:30 PM'),
(1096460,'Allan Howell','(659) 546-8147',"2681 Dodson Ter SW, Atlanta, GA, 30311",'ahowell@ffqp.com','Front Desk',60000.00,'04/06/2020 2:35:49 PM','04/06/2020 2:31:23 AM');

-- INSERT INTO Voyages
--   (sid, bid, date_of_voyage)
-- VALUES
--   (1, 1, '2021-02-01'), 
--   (1, 2, '2021-02-02'), 
--   (1, 3, '2021-02-03'), 
--   (2, 1, '2021-02-02'), 
--   (2, 1, '2021-02-03'), 
--   (3, 3, '2021-02-01');
INSERT INTO Reservations
  (roomNumber, dateOut, dateIn, resID, guestID)
VALUES
(101,'2020-05-12','2020-05-08',1, 2), 
(102,'2020-05-13','2020-05-08',2, 4), 
(103,'2020-05-15','2020-05-08',3, 6), 
(104,'2020-05-26','2020-05-18',4, 8), 
(105,'2020-05-26','2020-05-21',5, 1), 
(314,'2020-05-31','2020-05-30',6, 3), 
(107,'2020-05-23','2020-05-20',7, 5),
(108,'2020-05-29','2020-05-22',8, 7),
(109,'2020-05-09','2020-05-08',9, 9),
(110,'2020-05-18','2020-05-08',10, 2),
(111,'2020-05-17','2020-05-08',11, 3),
(112,'2020-05-11','2020-05-08',12, 4),
(113,'2020-05-09','2020-05-08',13, 1),
(114,'2020-05-18','2020-05-08',14, 5),
(115,'2020-05-19','2020-05-08',15, 6),
(116,'2020-05-21','2020-05-08',16, 7),
(117,'2020-05-23','2020-05-08',17, 8),
(118,'2020-05-08','2020-05-08',18, 9),
(119,'2020-05-09','2020-05-08',19, 10),
(120,'2020-05-10','2020-05-08',20, 20),
(121,'2020-05-13','2020-05-08',21, 30),
(122,'2020-05-12','2020-05-08',22, 40),
(123,'2020-05-11','2020-05-08',23, 50),
(124,'2020-05-09','2020-05-08',24, 60),
(125,'2020-05-14','2020-05-08',25, 70),
(126,'2020-05-12','2020-05-08',26, 80),
(127,'2020-05-12','2020-05-08',27, 90),
(128,'2020-03-23','2020-05-20',28, 100),
(129,'2020-04-09','2020-04-01',29, 61),
(130,'2020-04-19','2020-04-17',30, 62),
(201,'2020-05-19','2020-05-15',31, 63),
(202,'2020-04-24','2020-05-20',32, 64),
(203,'2020-05-04','2020-05-01',33, 65),
(204,'2020-05-12','2020-05-09',34, 66),
(205,'2020-05-15','2020-05-07',35, 67),
(206,'2020-04-21','2020-04-11',36, 68),
(207,'2020-04-17','2020-04-11',37, 55),
(208,'2020-05-11','2020-05-08',38, 45),
(209,'2020-05-06','2020-05-01',39, 65),
(210,'2020-04-29','2020-04-25',40, 35),
(211,'2020-04-06','2020-04-03',41, 25),
(212,'2020-04-06','2020-04-03',42, 15),
(213,'2020-04-09','2020-04-05',43, 5),
(214,'2020-04-04','2020-04-02',44, 75),
(215,'2020-04-15','2020-04-12',45, 85),
(216,'2020-04-18','2020-04-11',46, 95),
(217,'2020-04-15','2020-04-11',47, 13),
(218,'2020-04-08','2020-04-03',48, 23),
(219,'2020-04-25','2020-04-17',49, 33),
(220,'2020-04-08','2020-04-01',50, 43),
(221,'2020-04-11','2020-04-04',51, 53),
(222,'2020-04-11','2020-04-08',52, 63),
(223,'2020-04-10','2020-04-08',53, 73),
(224,'2020-04-11','2020-04-10',54, 83),
(225,'2020-04-11','2020-04-06',55, 93),
(226,'2020-04-11','2020-04-07',56, 12),
(227,'2020-04-11','2020-04-08',57, 12),
(228,'2020-04-29','2020-04-22',58, 12),
(229,'2020-04-14','2020-04-13',59, 22),
(230,'2020-04-18','2020-04-16',60, 22),
(301,'2020-04-06','2020-04-02',61, 32),
(302,'2020-04-22','2020-04-15',62, 42),
(303,'2020-04-17','2020-04-11',63, 52),
(304,'2020-04-15','2020-04-12',64, 62),
(305,'2020-04-20','2020-04-17',65, 72),
(306,'2020-04-21','2020-04-19',66, 82),
(307,'2020-04-15','2020-04-11',67, 92),
(308,'2020-04-25','2020-02-08',68, 8),
(309,'2020-04-24','2020-04-16',69, 72),
(310,'2020-04-30','2020-04-16',70, 51),
(311,'2020-04-15','2020-04-11',71, 100),
(312,'2020-04-22','2020-04-16',72, 83),
(313,'2020-04-18','2020-04-16',73, 24),
(314,'2020-04-20','2020-04-16',74, 76),
(315,'2020-04-19','2020-04-16',75, 16),
(316,'2020-04-16','2020-04-16',76, 7),
(317,'2020-04-16','2020-04-16',77, 36),
(318,'2020-02-10','2020-04-16',78, 48),
(319,'2020-02-13','2020-04-16',79, 28),
(320,'2020-04-18','2020-04-14',80, 98),
(321,'2020-04-21','2020-04-15',81, 38),
(322,'2020-04-20','2020-04-16',82, 17),
(323,'2020-04-18','2020-04-14',83, 10),
(324,'2020-04-16','2020-04-16',84, 3),
(325,'2020-02-11','2020-02-13',85, 6),
(326,'2020-02-11','2020-04-01',86, 29),
(327,'2020-02-11','2020-04-01',87, 79),
(328,'2020-03-19','2020-03-11',88, 69),
(329,'2020-02-12','2020-02-12',89, 59),
(330,'2020-02-17','2020-02-12',90, 49),
(331,'2020-02-12','2020-02-12',91, 39),
(332,'2020-02-17','2020-02-12',92, 29),
(333,'2020-02-14','2020-02-12',93, 19),
(334,'2020-02-13','2020-02-12',94, 21),
(335,'2020-02-29','2020-02-12',95, 31),
(336,'2020-02-19','2020-02-12',96, 41),
(337,'2020-02-18','2020-02-13',97, 51),
(338,'2020-02-15','2020-02-13',98,27),
(339,'2020-02-27','2020-02-13',99, 12),
(113,'2020-02-21','2020-02-13',100, 16);




INSERT INTO HotelGuests
  (gid,gName,phone,bday,homeAddress,email)
VALUES
(1, 'Abida Fraser','(479) 789-2943','9/23/1945',"7941 Bow Ridge Dr.
Ft Mitchell, KY 41017",'kayhorny@optonline.net'),
(2,'Rocky Cannon','(336) 957-8668','2/9/1948',"69 El Dorado Street
Tampa, FL 33604",'fonzhardasarock@yahoo.ca'),
(3,'Lula Lacey' ,'(440) 775-0292','11/16/1949',"61 Pawnee Street
North Wales, PA 19454",'kiphermit@sbcglobal.net'),
(4,'Kathryn Aguirre','(402) 496-1200','12/15/1953',"391 Old York Rd.
Snellville, GA 30039",'jodiconsiderate@att.net'),
(5,'Stefano Howe','(417) 472-3930','5/19/1955',"493 Beach Dr.
High Point, NC 27265",'cautiouskenny@verizon.net'),
(6,'Willard Mahoney' ,'(770) 745-4558','11/27/1955',"9385 W. Kent Street
Galloway, OH 43119",'indifferenttel@yahoo.com'),
(7,'Barry Childs','(401) 423-2044','4/9/1962',"9161 Summit Street
Sykesville, MD 21784",'adorationlaw@yahoo.com'),
(8,'Patyon Lynn','(707) 557-5181','9/21/1965',"167 Aspen Ave.
Bergenfield, NJ 07621",'restlessdes@hotmail.com'),
(9,'Bernard Fritz','(410) 579-4580','2/1/1966',"399 Briarwood Court
Crofton, MD 21114",'flankleft@protonmail.com'),
(10,'Jaxon Ortiz','(740) 596-5801','11/8/1970',"9006 Bank Dr.
Pikesville, MD 21208",'suitordinary@comcast.net'),
(11,'Safaa Vance','(252) 794-3175','10/7/1971',"7135 Stillwater Road
Saint Charles, IL 60174",'breakfastneat@icloud.com'),
(12,'Madeleine Irving','(814) 861-0674','7/21/1972',"7151 Strawberry Ave.
Acworth, GA 30101",'trickleworried@comcast.net'),
(13,'Luka Scholfield','(803) 536-1583','1/13/1974',"16 10th Street
Canal Winchester, OH 43110",'detaincrisp@msn.com'),
(14,'Amy Carson','(973) 419-0287','3/10/1974',"820 W. Mammoth St.
Lakewood, NJ 08701",'divestingy@sbcglobal.net'),
(15,'Lili Farmer','(218) 584-8410','1/30/1976',"90 State St.
Danbury, CT 06810",'cushioncompetent@comcast.net'),
(16,'Benn Marriott','(605) 842-9955','1/21/1979',"9648 Harvard Street
New Kensington, PA 15068",'buildadored@yahoo.ca'),
(17,'Loki Bryan','(716) 934-3121','5/9/1981',"78 Bay St.
Beaver Falls, PA 15010",'outlawhusky@live.com'),
(18,'Indigo Banks','(508) 647-7427','8/6/1983',"9890 E. Marvon Lane
Ashland, OH 44805",'revealexciting@msn.com'),
(19,'Tessa Corrigan','(812) 364-1635','10/29/1985',"8069 Creekside St.
Zion, IL 60099",'inchtremendous@comcast.net'),
(20,'Amira Cole','(217) 431-5083','5/25/1986',"528 Sheffield Ave.
Kalamazoo, MI 49009",'agonizetrim@aol.com'),
(21,'Tiago Bateman','(573) 764-2783','12/30/1987',"722 Fairfield St.
Front Royal, VA 22630",'bewilderhelpful@att.net'),
(22,'Blessing Brook','(702) 649-0512','1/9/1988',"25 West Road
Avon, IN 46123",'accreditautomatic@protonmail.com'),
(23,'Javan Allen','(252) 696-2046','2/15/1989',"9143 NW. Columbia St.
Hagerstown, MD 21740",'concoctwatchful@comcast.net'),
(24,'Talha Pearson','(313) 743-5295','5/10/1995',"4 Jockey Hollow St.
Eden Prairie, MN 55347",'drinksmug@hotmail.com'),
(25,'Rhyley Mccann','(708) 597-7471','7/26/1996',"505 Pendergast Dr.
New Lenox, IL 60451",'advancedead@mac.com'),
(26,'Paulina Sexton','(509) 443-0689','10/5/1945',"486 Sussex Rd.
Ann Arbor, MI 48103",'abbreviateoverlooked@comcast.net'),
(27,'Casper Cervantes','(508) 420-7357','1/17/1949',"216 Young St.
Lawrence Township, NJ 08648",'struggleaffectionate@icloud.com'),
(28,'Patsy Regan','(317) 821-2239','8/19/1951',"61 N. Bald Hill Street
Victoria, TX 77904",'ascribeskeletal@mac.com'),
(29,'Peter Hanson' ,'(864) 552-6994','7/21/1952',"9221 Forest Ave.
Lewiston, ME 04240",'awardsilky@mac.com'),
(30,'Ruairidh Short','(316) 721-5930','12/30/1954',"8156 Somerset Ave.
Shakopee, MN 55379",'subsideagonizing@aol.com'),
(31,'Kristian Lowry' ,'(610) 933-2516','5/17/1955',"91 Cambridge Rd.
Blacksburg, VA 24060",'shelterforthright@aol.com'),
(32,'Bibi Summers','(423) 566-4415','6/7/1956',"49 Wrangler Avenue
Oswego, NY 13126",'punchfavorite@aol.com'),
(33,'Kelise Bowler','(563) 422-5215','10/2/1958',"9925 Stillwater Dr.
Douglasville, GA 30134",'manifestbabyish@mac.com'),
(34,'Una Dudley' ,'(405) 214-5836','12/8/1958',"4 Mayfield Lane
Wilmington, MA 01887",'recommendelegant@outlook.com'),
(35,'Ayaz Ryder','(408) 377-3570','4/16/1965',"77 Pendergast Court
Richardson, TX 75080",'glanceincomparable@yahoo.com'),
(36,'Danica Goldsmith','(781) 209-0812','11/4/1965',"12 East Roehampton Drive
Suitland, MD 20746",'compareimportant@verizon.net'),
(37,'Darcey Macgregor','(270) 533-6539','8/14/1966',"538 Jones Drive
Cape Coral, FL 33904",'pumpgrandiose@gmail.com'),
(38,'Aqub Mcgill','(501) 336-6535','11/9/1966',"797 Marlborough Ave.
Capitol Heights, MD 20743",'identifyincomplete@sbcglobal.net'),
(39,'Rhianna Hawes','(617) 497-5881','10/4/1967',"8134 Fairground St.
New Castle, PA 16101",'tingemature@protonmail.com'),
(40,'Sumayya English','(724) 224-5192','7/31/1969',"9527 County Court
Atlantic City, NJ 08401",'skipwry@outlook.com'),
(41,'Ariel Lozano','(304) 648-7241','8/6/1972',"9852 Ridgewood Lane
Boston, MA 02127",'douseill@msn.com'),
(42,'Valentino Riggs','(440) 893-0813','4/22/1976',"62 Hartford Rd.
Anoka, MN 55303",'volunteernimble@aol.com'),
(43,'Menna Osborn','(662) 568-7726','4/26/1982',"99 Morris Ave.
Wadsworth, OH 44281",'saltelastic@live.com'),
(44,'Bea Fraser','(510) 786-6552','11/28/1985',"667 Wild Horse St.
Corpus Christi, TX 78418",'gritabandoned@att.net'),
(45,'Jaya Rodriguez','(717) 477-8404','12/9/1987',"7101 Poor House Lane
Tiffin, OH 44883",'accuseunfolded@mac.com'),
(46,'Laurence Kerr','(319) 654-0314','12/16/1987',"38 Gates Street
Hillsborough, NJ 08844",'relyneglected@optonline.net'),
(47,'Rahima Shah','(401) 782-0374','5/7/1988',"7134 Sycamore Street
Brookline, MA 02446",'brandbreakable@hotmail.com'),
(48,'Tiarna Vega','(813) 634-2531','10/22/1991',"284 Manchester Drive
Fairburn, GA 30213",'gushgummy@mac.com'),
(49,'Sumaiya Davie','(229) 732-3534','7/12/1993',"78 Griffin Court
Bridgeton, NJ 08302",'belchdetailed@verizon.net'),
(50,'Alyce Byrd','(304) 457-4978','4/30/1995',"124 Meadow St.
Hopewell Junction, NY 12533",'vikkibrooding@optonline.net'),
(51,'Mackenzie Huffman','(573) 237-2025','5/15/1942',"998 Sheffield Rd.
Westerville, OH 43081",'randynerd@mac.com'),
(52,'Akeem Spencer','(336) 437-8123','8/19/1944',"624 Wood Ave.
Fenton, MI 48430",'anniecool@optonline.net'),
(53,'Jake Payne','(708) 339-4550','5/18/1946',"599 Cactus St.
Fishers, IN 46037",'missystar@yahoo.com'),
(54,'Christopher Myers','(906) 789-6207','5/28/1946',"568 Madison Street
Hamburg, NY 14075",'powerlessalex@aol.com'),
(55,'Steven Collins','(715) 476-3548','9/6/1947',"713 Corona Lane
Prattville, AL 36067",'insultedteddie@comcast.net'),
(56,'Allan French','(860) 872-3048','1/6/1948',"36 Williams Ave.
Casselberry, FL 32707",'disgracedsuze@live.com'),
(57,'Rianne Pineda' ,'(334) 285-7196','1/10/1951',"7118 Grant St.
Alpharetta, GA 30004",'adorationcathi@verizon.net'),
(58,'Kylo Charlton','(315) 216-4316','11/7/1953',"731 Harvard Lane
Manahawkin, NJ 08050",'socializewiggly@me.com'),
(59,'Taran Tierney' ,'(352) 748-0818','5/30/1958',"7388 Newbridge Rd.
Winter Park, FL 32792",'pantalkative@sbcglobal.net'),
(60,'Aleksandra Ewing','(727) 517-2294','8/30/1958',"90 Military Drive
Harrisonburg, VA 22801",'deviateburly@protonmail.com'),
(61,'Mahir Robbins','(765) 962-3481','3/17/1963',"600 Parker Drive
Williamsburg, VA 23185",'impairacrobatic@sbcglobal.net'),
(62,'Aleah Herman','(512) 393-9953','10/5/1964',"694 Amherst St.
Fitchburg, MA 01420",'harvestenchanted@mac.com'),
(63,'Isaiah Goff','(313) 897-5006','4/28/1965',"24 South Big Rock Cove St.
North Wales, PA 19454",'weepvirtual@comcast.net'),
(64,'Hashim Sumner','(360) 676-7383','5/22/1966',"5 Old Edgemont Road
Satellite Beach, FL 32937",'adulatekindhearted@protonmail.com'),
(65,'Kezia Chamberlain','(309) 697-5728','8/15/1971',"172 Academy St.
Oconomowoc, WI 53066",'escalateelectric@icloud.com'),
(66,'Rhydian Devine','(740) 947-4029','8/20/1975',"548 Morris St.
Summerfield, FL 34491",'reputeopen@msn.com'),
(67,'Sidrea Branch','(662) 578-8095','2/19/1977',"8418 Tailwater Lane
New Bedford, MA 02740",'enableyellow@me.com'),
(68,'Archie Bolton','(410) 544-4268','6/18/1980',"8303 Old Forest Avenue
Providence, RI 02904",'costpossible@yahoo.com'),
(69,'Keagan Mohamed','(417) 485-0111','3/4/1981',"408 Nichols Ave.
Richmond, VA 23223",'rebelfrayed@sbcglobal.net'),
(70,'Suzanne Reed','(717) 667-3810','5/29/1989',"122 Hilltop Lane
Glen Allen, VA 23059",'takeinexperienced@yahoo.ca'),
(71,'Bree Ayers','(830) 278-5180','8/4/1989',"618 East 4th St.
South Windsor, CT 06074",'dazzlepoised@sbcglobal.net'),
(72,'Tiegan Cresswell','(701) 724-3774','7/19/1990',"218 Pine St.
Muncie, IN 47302",'congregateformal@yahoo.com'),
(73,'Molly Steadman','(614) 879-9480','1/19/1992',"392 Summit Dr.
Omaha, NE 68107",'deepenpuzzling@att.net'),
(74,'Georgia Winter','(859) 341-3024','1/8/1994',"596 W. Summerhouse St.
Oceanside, NY 11572",'surmisemad@optonline.net'),
(75,'Tamar Yang','(425) 334-2433','11/20/1996',"9250 Sutor Drive
West Chicago, IL 60185",'watchpeppery@me.com'),
(76,'Edgar Downes','(256) 686-0674','5/15/1942',"868 Sierra Ave.
Madison, AL 35758",'mellowjovial@icloud.com'),
(77,'Celine Stuart','(301) 485-1548','8/19/1944',"801 South Philmont Lane
Perrysburg, OH 43551",'complimentdirect@mac.com'),
(78,'Aniqa Bowden','(510) 727-0971','5/18/1946',"15 Kent Rd.
Tuscaloosa, AL 35405",'rackimaginative@msn.com'),
(79,'Alissia Figueroa','(781) 326-0250','5/28/1946',"32 San Pablo Rd.
Burnsville, MN 55337",'interlacekindly@outlook.com'),
(80,'Sami Humphrey' ,'(330) 222-2462','9/6/1947',"9575 Illinois St.
Elgin, IL 60120",'extractlighthearted@sbcglobal.net'),
(81,'Tjay Lamb','(336) 799-4319','1/6/1948',"8088 Poor House Lane
Rapid City, SD 57701",'collectminor@hotmail.com'),
(82,'Polly Guy','(617) 469-8702','1/10/1951',"638 Wild Rose Dr.
Winona, MN 55987",'belabordearest@mac.com'),
(83,'Sanya Haworth','(805) 889-6156','11/7/1953',"88 Sycamore Lane
Wasilla, AK 99654",'thinkdead@msn.com'),
(84,'Stanislaw Byers','(724) 526-5749','5/30/1958',"9974 Trenton Rd.
Brunswick, GA 31525",'whitewashsilent@me.com'),
(85,'Lee Cottrell','(425) 402-0824','8/30/1958',"581 Parker Street
Cornelius, NC 28031",'enchantsteep@msn.com'),
(86,'Arif Pham','(269) 925-8583','3/17/1963',"600 6th Ave.
De Pere, WI 54115",'factorshabby@att.net'),
(87,'Alaw Crowther','(617) 566-3166','10/5/1964',"769 Garfield St.
Fernandina Beach, FL 32034",'unrollwinding@sbcglobal.net'),
(88,'Duke Mcphee','(828) 488-9334','4/28/1965',"344 Elizabeth Dr.
Port Charlotte, FL 33952",'procureseparate@hotmail.com'),
(89,'Ricardo Mata','(908) 647-4554','5/22/1966',"96 El Dorado St.
Virginia Beach, VA 23451",'debitloyal@outlook.com'),
(90,'Rian Levine','(636) 479-1007','8/15/1971',"524 Edgefield Rd.
Wyandotte, MI 48192",'emergeliquid@hotmail.com'),
(91,'Keely Gillespie','(270) 376-3281','8/20/1975',"8339 Harrison Drive
Culpeper, VA 22701",'siprecent@protonmail.com'),
(92,'Rohaan Tyson','(540) 672-3872','2/19/1977',"435 Pleasant Drive
Hialeah, FL 33010",'crowdouble@mac.com'),
(93,'Sophie Wilcox' ,'(323) 933-9220','6/18/1980',"7497 E. Roosevelt Lane
Cary, NC 27511",'cherishtotal@yahoo.ca'),
(94,'Norman Cowan','(716) 537-9417','3/4/1981',"81 Ridge Ave.
North Andover, MA 01845",'dismantleboiling@icloud.com'),
(95,'Dominc Witt','(540) 667-8265','5/29/1989',"21 Brickell Road
Burlington, MA 01803",'rejoinmellow@yahoo.com'),
(96,'Mina Shepard','(615) 462-6091','8/4/1989',"647 Harvard Ave.
Clermont, FL 34711",'renounceeminent@icloud.com'),
(97,'Evie Cote','(660) 335-0188','7/19/1990',"737 Liberty Drive
Smithtown, NY 11787",'powerjudicious@optonline.net'),
(98,'Milena Hayden' ,'(801) 544-1437','1/19/1992',"427 Stillwater St.
Cranston, RI 02920",'loosenscented@comcast.net'),
(99,'Nathaniel Parkes','(563) 242-3789','1/8/1994',"9923 Foxrun Dr.
Warner Robins, GA 31088",'waltunpleasant@me.com'),
(100,'Greame Sanford','(479) 521-2343','11/20/1996',"363 Surrey Lane
Olive Branch, MS 38654",'weshardasarock@sbcglobal.net');
--   (1, 1, '2020-02-01'),
--   (1, 2, '2020-02-02'),
--   (1, 3, '2020-02-03'),
--   (2, 1, '2020-02-02'),
--   (2, 1, '2020-02-03'),
--   (3, 3, '2020-02-01');
